<?xml version="1.0" encoding="utf-8"?>
<ConfigRG xmlns:xsd="http://www.w3.org/2001/XMLSchema" xmlns:xsi="http://www.w3.org/2001/XMLSchema-instance">
  <MyDeck>
    <MyCardInDeck>
      <CardId>1</CardId>
      <Order>2</Order>
      <Match>0.89</Match>
    </MyCardInDeck>
    <MyCardInDeck>
      <CardId>2</CardId>
      <Order>11</Order>
      <Match>0.89</Match>
    </MyCardInDeck>
    <MyCardInDeck>
      <CardId>3</CardId>
      <Order>1</Order>
      <Match>0.89</Match>
    </MyCardInDeck>
    <MyCardInDeck>
      <CardId>4</CardId>
      <Order>7</Order>
      <Match>0.89</Match>
    </MyCardInDeck>
    <MyCardInDeck>
      <CardId>5</CardId>
      <Order>5</Order>
      <Match>0.89</Match>
    </MyCardInDeck>
    <MyCardInDeck>
      <CardId>6</CardId>
      <Order>6</Order>
      <Match>0.89</Match>
    </MyCardInDeck>
    <MyCardInDeck>
      <CardId>7</CardId>
      <Order>3</Order>
      <Match>0.89</Match>
    </MyCardInDeck>
    <MyCardInDeck>
      <CardId>8</CardId>
      <Order>3</Order>
      <Match>0.89</Match>
    </MyCardInDeck>
    <MyCardInDeck>
      <CardId>9</CardId>
      <Order>3</Order>
      <Match>0.89</Match>
    </MyCardInDeck>
    <MyCardInDeck>
      <CardId>10</CardId>
      <Order>10</Order>
      <Match>0.89</Match>
    </MyCardInDeck>
    <MyCardInDeck>
      <CardId>11</CardId>
      <Order>12</Order>
      <Match>0.89</Match>
    </MyCardInDeck>
    <MyCardInDeck>
      <CardId>12</CardId>
      <Order>4</Order>
      <Match>0.89</Match>
    </MyCardInDeck>
    <MyCardInDeck>
      <CardId>13</CardId>
      <Order>8</Order>
      <Match>0.89</Match>
    </MyCardInDeck>
    <MyCardInDeck>
      <CardId>14</CardId>
      <Order>9</Order>
      <Match>0.89</Match>
    </MyCardInDeck>
    <MyCardInDeck>
      <CardId>15</CardId>
      <Order>13</Order>
      <Match>0.89</Match>
    </MyCardInDeck>
    <MyCardInDeck>
      <CardId>17</CardId>
      <Order>0</Order>
      <Match>0.89</Match>
    </MyCardInDeck>
  </MyDeck>
</ConfigRG>